{"R": 122.67362036083071, "G": 116.64329410287753, "B": 103.99056383559271}